,accuracy,auc
0,0.495,0.5177272727272727
1,0.75,0.7786
2,0.915,0.9802150974025975
3,0.79,0.8684321143337539
4,0.98,0.9858145363408521
5,0.985,0.9976923076923077
6,1.0,1.0
7,0.875,0.9636401849516603
8,0.845,0.91415
9,0.81,0.8997561288666409
10,0.985,0.9981808731808732
11,0.985,0.9977538185085355
12,0.765,0.8582338595815684
